distance_km,items_count,hour_of_day,is_weekend,restaurant_rating,traffic_level,delivery_time_minutes
11.72,3,14,1,3.0,2,36.2
6.86,8,19,1,4.2,3,38.0
12.95,1,15,0,4.4,1,37.4
10.61,5,14,0,2.9,3,39.7
1.87,8,11,1,2.6,2,23.0
14.65,9,5,1,3.6,2,46.7
11.54,3,6,0,4.4,1,32.2
11.9,6,17,0,4.1,2,41.6
2.36,2,1,0,4.3,1,12.6
7.03,2,2,1,3.5,3,21.9
5.88,4,9,1,3.1,3,31.1
13.94,8,18,0,3.8,2,46.3
9.84,7,15,0,3.0,3,39.3
12.43,5,14,0,4.3,3,45.6
6.93,3,12,1,3.0,1,28.0
3.79,2,2,0,3.2,1,21.5
8.54,3,7,0,3.8,1,29.5
1.43,2,1,0,3.7,1,17.6
12.5,2,18,0,4.0,2,39.3
9.66,7,18,1,3.6,2,41.3
11.49,2,6,0,4.8,2,37.7
5.64,1,7,0,4.6,1,20.3
14.58,5,7,1,4.7,3,51.1
13.45,3,21,0,4.1,3,45.3
11.79,5,11,0,4.1,2,44.9
3.32,2,18,1,4.0,1,29.0
7.27,2,10,1,3.6,2,30.0
1.14,4,16,0,3.3,3,18.4
2.74,7,12,0,4.0,3,25.1
10.4,4,6,1,2.6,1,32.9
11.3,5,21,0,2.5,3,40.4
14.53,5,17,1,4.6,3,51.4
5.22,3,18,1,2.6,2,30.8
5.87,3,22,0,3.8,2,24.0
7.31,4,5,1,4.0,2,30.1
3.25,1,2,0,3.0,1,9.7
2.38,7,13,1,4.7,2,19.9
7.4,6,7,0,3.0,1,26.7
3.79,3,10,0,4.7,1,20.6
10.21,4,5,1,4.4,2,39.1
6.84,3,9,1,3.1,2,30.9
12.57,6,9,0,2.9,3,44.6
10.65,7,8,1,3.3,2,35.3
5.03,1,17,0,3.5,3,25.1
12.57,4,14,0,3.1,3,44.0
12.17,1,11,0,5.0,2,40.1
6.12,5,2,0,3.1,3,34.8
4.68,3,13,1,4.6,2,18.1
10.4,4,4,1,2.9,2,36.6
2.53,5,7,1,5.0,1,15.6
3.4,3,9,0,3.1,1,18.8
0.61,4,3,1,3.6,2,15.7
11.91,7,9,0,3.9,1,38.1
10.14,8,6,1,2.8,2,42.8
10.72,1,20,1,4.5,1,34.6
11.82,4,20,1,3.2,1,40.0
7.15,8,0,1,3.9,2,29.1
8.75,5,14,0,3.9,2,31.0
2.53,2,15,1,4.0,3,16.2
2.16,6,9,1,2.6,3,22.4
10.19,2,11,0,2.9,3,35.3
7.33,1,18,1,2.9,1,29.3
8.7,6,9,0,3.3,2,35.7
11.59,5,1,0,2.9,1,37.5
9.7,7,8,1,4.8,1,38.2
8.53,4,6,1,3.8,1,30.8
8.61,8,9,0,4.1,2,33.4
4.91,4,5,1,3.4,1,22.1
0.95,7,3,1,3.2,2,18.5
6.83,1,23,0,3.8,1,26.2
3.61,1,3,0,3.2,2,17.8
6.42,8,16,0,3.4,2,30.8
12.87,8,17,1,3.6,1,41.1
3.89,9,14,0,3.8,1,24.7
1.35,3,21,1,5.0,3,19.3
4.58,1,0,1,3.1,3,27.1
4.76,9,7,1,3.7,1,26.4
10.1,6,4,0,2.9,3,42.6
8.58,3,13,0,3.4,1,26.0
11.87,7,15,1,4.3,3,38.7
10.13,9,21,1,2.9,1,40.8
6.39,3,9,0,4.0,2,21.5
12.3,7,5,1,3.5,1,37.6
2.92,8,22,1,2.6,1,24.3
0.83,5,16,1,4.8,2,15.8
1.81,6,18,0,3.5,1,18.8
10.97,3,10,1,4.5,2,36.0
7.2,9,10,1,3.5,1,29.9
2.84,9,9,1,4.8,1,26.1
7.77,9,17,0,3.2,3,32.2
2.71,7,5,1,3.5,3,19.7
10.6,1,23,0,4.4,3,37.3
6.97,4,4,1,3.4,1,27.7
6.02,5,11,0,3.4,2,32.7
4.87,9,7,0,5.0,1,22.0
9.64,5,15,0,3.9,1,35.1
5.75,5,16,0,4.2,2,28.5
1.77,2,22,0,4.1,2,13.3
2.21,8,18,0,4.6,2,20.8
14.45,4,5,1,4.7,1,45.9
13.67,1,4,0,3.9,3,43.8
10.65,9,21,1,3.2,3,42.3
4.36,2,11,0,2.6,1,16.8
14.55,1,2,1,4.0,1,35.1
11.79,1,19,0,4.6,2,41.6
10.89,5,15,1,3.6,2,38.1
7.02,1,0,0,2.9,3,27.7
4.45,8,18,0,3.2,2,24.0
1.9,5,14,1,3.8,1,14.1
13.59,3,14,1,4.6,1,39.9
7.11,1,20,0,2.9,1,27.4
3.43,5,11,1,4.0,2,22.5
4.94,2,11,0,4.4,1,21.8
8.9,9,14,0,4.8,3,42.4
3.06,3,4,0,2.8,3,20.7
12.92,5,3,1,4.8,1,44.2
11.5,1,20,0,4.0,3,38.7
10.93,2,5,0,4.4,2,29.7
6.77,2,12,0,2.6,1,24.4
9.6,1,6,1,3.8,2,28.7
8.97,7,5,0,4.1,2,33.7
9.92,9,14,1,3.3,1,35.5
1.72,9,19,1,3.6,3,20.8
6.53,3,10,1,3.9,1,31.6
1.1,8,3,1,3.9,1,15.8
7.66,5,5,0,2.6,1,24.4
5.28,1,3,0,3.6,1,23.5
2.6,1,21,1,3.0,1,19.0
2.0,5,7,0,4.8,2,19.8
9.02,4,8,0,4.9,2,29.1
2.97,1,1,0,3.2,1,14.5
13.91,9,10,1,2.9,3,51.0
8.93,7,21,1,3.0,3,43.5
5.53,5,9,0,3.7,3,29.0
9.07,9,15,1,4.7,2,36.1
0.83,9,4,1,3.8,3,22.1
14.4,9,3,1,2.6,2,52.0
7.49,3,17,1,2.6,2,31.6
11.85,8,1,1,3.1,1,41.3
1.7,5,10,0,4.6,3,13.2
7.56,7,7,1,4.1,1,32.6
7.62,8,0,0,3.9,2,31.6
14.1,2,12,0,3.3,3,42.8
8.79,5,23,1,4.8,1,35.6
7.37,2,1,1,3.3,2,25.3
4.37,3,19,0,4.6,1,28.2
5.31,4,12,1,4.7,2,25.1
8.05,8,17,0,3.7,2,33.5
6.86,8,2,0,4.7,1,26.5
0.81,4,20,0,3.2,3,15.1
12.48,3,0,1,4.1,2,40.4
13.49,5,21,0,2.7,2,48.5
2.53,9,15,0,3.7,3,24.5
8.53,9,8,1,3.0,1,34.5
2.07,3,0,0,2.7,2,10.6
10.25,2,14,1,2.5,3,33.4
4.58,7,2,0,3.3,2,30.8
10.06,3,14,0,4.0,1,29.0
11.04,2,18,1,3.6,1,44.2
11.65,1,6,0,3.3,3,35.3
2.06,4,5,0,5.0,3,16.9
13.78,4,5,0,4.8,3,45.3
3.84,6,5,0,2.8,1,18.8
1.04,2,2,0,3.5,3,20.0
8.55,7,5,0,4.1,2,32.9
5.88,7,15,1,4.3,3,31.4
12.53,5,7,0,3.4,3,41.5
12.22,2,18,0,4.4,1,42.0
5.1,5,19,0,2.8,3,35.2
14.32,7,18,1,3.3,2,51.5
4.72,4,12,1,4.3,3,30.8
7.97,3,7,1,4.1,3,30.5
4.21,5,22,0,4.6,1,22.4
14.07,4,4,1,2.6,3,49.0
2.89,4,11,0,2.9,1,14.7
1.15,4,10,1,2.6,1,16.8
6.81,3,17,0,3.0,1,25.9
14.89,7,13,0,2.5,1,43.9
13.43,5,19,1,3.8,3,50.9
11.35,5,22,0,3.8,1,36.9
13.42,6,9,0,4.1,2,42.6
13.45,4,20,0,3.5,2,46.0
8.02,1,4,1,2.5,3,32.3
5.08,8,21,1,4.2,2,30.3
11.69,1,4,1,2.6,2,39.5
10.09,6,20,1,4.7,3,40.4
5.92,3,9,0,2.6,2,33.7
1.87,2,23,0,3.8,3,12.5
11.33,1,3,0,4.7,3,34.5
4.31,9,11,0,3.9,3,24.7
14.08,4,21,0,4.0,1,51.8
3.99,4,1,0,4.2,1,15.4
2.28,7,6,0,2.8,2,21.3
12.55,1,2,1,4.2,2,40.4
2.72,6,7,0,4.7,1,18.3
3.1,5,9,1,4.9,2,24.4
9.19,5,14,0,3.6,1,35.5
13.18,2,6,1,3.4,1,39.4
3.35,9,3,1,4.4,3,26.1
5.0,3,4,1,3.9,1,17.4
11.77,7,22,0,3.1,3,42.4
14.59,7,22,0,2.9,2,44.6
7.76,4,5,1,2.9,3,32.9
2.59,2,4,1,3.6,1,12.3
0.7,3,1,0,2.9,3,16.7
3.83,8,23,1,2.5,2,20.9
2.41,9,16,0,2.6,3,23.6
10.33,9,18,0,4.8,1,36.1
2.27,3,6,0,2.7,3,16.6
7.84,6,15,1,2.7,1,35.5
10.57,2,1,1,3.6,2,38.1
8.93,7,16,0,3.1,1,36.3
3.4,4,13,1,4.9,3,26.9
12.16,7,7,1,4.8,2,39.6
10.87,7,17,0,3.5,3,44.3
11.22,9,15,1,3.6,2,37.6
2.4,5,10,1,3.4,1,21.1
2.29,4,4,1,2.6,2,18.7
13.95,5,0,0,3.2,2,41.3
6.26,2,22,1,2.8,1,27.9
4.86,2,6,0,2.8,3,27.0
7.58,5,7,0,3.9,3,33.8
10.11,8,16,1,2.7,2,40.3
14.36,5,6,1,2.8,2,47.5
4.65,8,9,1,3.7,3,30.0
13.91,2,17,1,3.6,3,46.1
0.86,5,14,1,2.8,1,17.6
8.55,6,15,1,2.5,2,35.8
9.69,4,0,0,3.0,3,38.4
2.04,1,10,1,3.1,3,14.0
2.53,1,11,0,4.5,2,15.2
6.58,9,15,0,4.8,3,26.4
14.51,6,3,1,3.5,2,48.4
9.14,3,3,1,3.5,2,38.8
14.03,3,18,0,4.3,2,44.8
12.16,1,16,1,4.1,3,40.8
7.28,9,19,1,3.0,3,41.6
11.88,1,6,0,2.8,1,29.8
0.76,7,23,1,3.6,1,14.7
2.08,3,6,0,3.9,2,17.4
12.53,4,15,1,2.8,3,35.3
12.05,3,3,1,3.2,2,37.6
3.87,8,22,1,3.3,2,28.8
8.2,1,7,1,3.2,1,32.4
9.29,4,19,1,3.7,1,38.3
13.08,3,7,1,4.1,3,46.2
9.25,3,18,0,3.8,2,36.7
6.48,2,10,0,3.0,3,29.2
5.93,9,1,0,2.8,1,26.7
6.68,4,4,1,4.6,1,27.1
9.95,4,16,1,3.7,3,35.7
13.08,4,4,0,2.7,3,47.3
7.08,9,6,0,3.1,3,37.6
4.09,4,13,1,4.5,1,25.2
3.93,4,6,1,4.4,3,22.6
11.32,3,3,0,4.7,2,33.1
12.34,3,14,1,4.0,3,45.9
2.03,1,16,1,3.6,3,20.1
1.47,6,17,1,3.6,2,19.7
9.12,1,22,1,3.0,1,29.7
2.62,3,2,1,4.1,3,21.9
12.46,2,10,1,4.0,2,37.0
5.0,3,5,1,2.9,2,27.2
2.59,7,21,1,4.7,2,29.1
13.85,6,12,0,3.4,3,50.8
2.9,9,2,0,2.6,1,23.3
4.63,4,16,0,3.3,3,20.3
2.73,9,1,1,4.7,2,23.0
2.17,1,6,0,4.8,1,19.5
0.81,5,17,1,3.7,1,12.5
1.3,8,12,0,4.9,2,16.6
3.03,5,18,0,4.7,3,28.7
1.27,9,13,0,4.6,2,19.4
9.07,3,20,1,4.6,1,42.8
10.37,1,13,0,3.5,2,31.4
6.21,7,1,1,4.4,1,24.7
5.11,1,1,1,3.9,1,25.7
7.82,7,18,1,4.3,3,34.7
13.19,7,0,0,2.9,3,44.8
12.84,8,9,1,4.3,1,42.7
1.13,5,0,1,4.9,2,19.5
3.13,9,7,0,3.3,2,24.5
3.93,2,14,0,5.0,2,20.2
4.12,4,4,1,3.4,3,23.8
8.78,2,11,1,3.0,1,35.1
6.54,7,23,0,2.8,3,42.9
1.21,7,1,0,4.5,2,18.3
5.92,8,1,0,3.9,1,26.5
8.09,7,6,1,3.3,3,31.8
1.97,3,19,0,4.0,3,19.5
12.59,1,9,0,3.3,2,38.0
1.25,9,15,0,3.6,3,18.2
13.91,5,0,0,4.7,1,41.3
1.94,1,17,0,4.2,2,19.8
12.73,9,1,0,4.4,2,46.6
13.59,9,17,1,4.0,3,47.9
14.7,5,3,1,5.0,2,42.5
12.13,7,20,0,3.1,3,50.9
11.8,1,7,0,3.2,1,35.4
9.82,1,4,0,2.7,2,27.9
11.8,3,8,1,3.9,1,40.1
2.45,6,0,0,4.0,2,21.9
8.27,2,3,0,4.3,1,20.2
7.96,1,14,1,3.3,3,29.3
12.93,7,7,0,2.5,1,41.8
7.21,7,8,0,4.1,3,33.5
6.08,7,19,0,5.0,3,30.5
9.77,8,2,0,3.2,2,34.2
4.36,8,9,1,3.0,3,30.5
2.53,6,4,1,3.2,3,21.5
7.43,5,11,0,3.6,1,29.6
6.54,8,7,0,3.1,3,27.9
3.87,4,1,0,3.4,2,17.1
5.83,1,1,1,4.1,3,28.7
5.81,7,20,0,3.4,3,33.5
5.25,3,1,0,3.5,3,27.8
6.0,9,18,1,2.6,2,33.7
10.44,4,21,0,4.8,1,34.6
4.8,8,11,0,3.5,1,28.2
14.26,1,7,0,3.3,1,36.3
13.79,6,18,1,2.7,3,55.8
7.47,5,23,1,4.1,2,34.9
5.26,5,2,1,4.7,2,28.2
8.26,3,23,0,2.6,2,28.8
12.8,9,22,1,2.9,1,42.1
9.96,4,3,1,2.9,2,36.2
12.16,8,1,0,4.0,2,37.5
8.22,4,17,0,4.8,3,28.3
9.68,1,1,0,3.6,1,32.4
4.68,8,14,1,3.4,3,30.6
11.16,2,1,0,4.4,1,30.6
3.43,3,16,0,4.4,2,20.9
10.57,8,5,1,3.1,2,41.7
12.98,9,2,0,2.9,3,50.7
2.42,9,1,1,3.4,2,24.5
9.41,4,4,0,4.4,1,34.3
1.88,7,12,0,4.2,2,19.4
11.02,3,1,1,4.2,2,40.4
1.73,7,19,1,4.6,2,19.3
14.07,5,14,0,3.2,1,42.5
2.49,1,7,1,3.3,1,16.6
14.4,4,23,1,2.6,2,46.1
12.11,5,15,0,4.7,1,38.7
9.11,3,16,1,4.0,2,35.3
11.85,4,4,0,3.2,1,38.6
12.03,5,17,1,2.7,3,43.1
14.22,1,13,0,4.3,1,37.7
4.17,2,23,0,4.4,2,23.2
9.06,7,11,1,4.2,3,38.1
1.88,4,16,1,3.0,2,15.9
9.43,6,8,0,4.8,1,31.4
2.98,6,0,1,4.4,1,14.7
8.69,5,3,0,4.1,2,31.9
8.8,4,20,1,4.1,1,35.2
7.26,5,17,1,4.8,3,29.7
8.08,8,8,1,4.8,3,39.8
11.58,9,16,1,4.0,3,40.5
12.09,3,0,1,3.5,3,44.0
7.64,7,0,1,3.4,2,39.6
9.19,9,12,1,4.5,1,38.6
14.0,1,14,0,4.1,2,41.0
2.24,8,22,1,2.7,1,17.5
2.2,5,18,1,2.9,3,21.7
1.77,9,6,0,4.8,2,17.2
10.04,6,19,1,4.7,2,38.7
6.57,8,11,1,4.9,3,29.5
11.73,2,19,0,3.6,2,40.1
10.23,2,4,0,4.5,2,32.8
5.34,9,0,0,4.6,1,26.4
13.53,5,1,1,3.3,1,39.7
11.56,6,23,1,2.9,1,38.0
4.42,2,1,1,5.0,2,21.3
5.78,3,22,1,2.6,3,28.2
5.06,8,17,0,4.0,1,29.7
2.79,3,3,1,4.1,2,20.1
2.64,6,20,0,4.2,1,16.7
14.07,3,3,0,3.1,1,43.0
6.85,3,3,0,4.3,1,26.6
6.06,2,13,1,3.0,2,26.6
11.08,9,6,0,4.6,2,35.5
8.52,9,6,0,3.0,2,40.0
14.07,2,4,0,4.2,2,38.6
11.81,4,14,0,4.5,2,39.8
7.45,6,0,1,3.0,1,31.5
5.96,4,5,1,3.1,3,31.1
14.81,7,13,1,4.4,2,53.2
10.91,3,11,1,2.7,1,38.6
14.29,1,16,1,3.0,2,42.8
2.22,4,5,1,3.6,2,22.5
12.83,6,15,0,4.8,3,40.6
9.74,2,18,1,3.9,1,37.3
2.27,8,9,1,3.5,3,19.4
9.03,1,6,1,4.9,2,28.2
10.45,1,13,0,3.7,1,32.3
0.68,5,13,0,3.6,2,15.7
7.09,5,2,1,3.5,3,27.0
12.47,3,13,1,3.3,1,41.4
4.78,3,3,0,3.3,3,21.7
7.15,1,13,1,4.2,3,33.1
6.91,6,22,0,2.6,3,30.2
4.88,4,12,1,4.2,1,19.7
13.82,2,18,0,3.0,2,46.4
11.83,4,7,0,3.5,2,35.9
2.1,9,22,1,2.9,2,26.3
14.96,3,19,1,3.9,3,51.9
13.25,9,22,0,4.3,1,42.2
4.62,3,17,0,3.4,2,24.0
12.64,2,15,1,2.9,3,40.0
2.04,3,12,0,3.1,3,14.4
14.99,3,22,1,4.5,2,47.2
10.15,2,20,1,3.2,3,38.0
9.93,6,10,1,4.4,2,33.4
1.81,4,2,0,3.3,2,19.3
13.51,7,0,0,3.0,2,46.1
0.92,5,5,1,4.3,1,11.1
3.99,4,1,0,3.7,1,17.9
2.57,5,5,1,2.6,3,20.2
11.76,2,2,0,4.9,1,40.0
3.37,7,23,1,2.9,2,26.8
13.7,1,2,0,3.4,2,39.8
10.02,7,15,1,3.5,2,40.0
1.02,9,8,1,3.7,2,15.4
0.58,7,4,0,4.5,3,14.4
1.25,5,16,0,2.5,3,18.6
9.29,3,23,0,4.8,3,34.2
12.12,8,18,0,4.1,2,44.9
3.96,3,23,0,4.9,3,21.8
12.82,5,14,0,4.5,2,40.8
1.33,7,16,1,4.8,2,17.6
12.11,9,3,1,4.0,3,44.3
13.95,9,20,0,3.4,3,50.6
11.7,1,17,0,3.6,1,35.6
10.62,9,6,0,4.1,3,41.2
12.65,2,8,1,3.6,3,43.0
1.08,6,14,0,4.3,3,13.5
3.43,9,0,0,2.7,3,22.3
2.31,6,19,0,4.6,3,24.7
7.82,9,6,1,3.0,1,37.9
11.31,4,1,0,4.9,1,35.3
9.64,3,7,1,2.9,1,32.7
12.84,3,20,0,2.8,1,44.0
2.75,4,6,0,4.5,1,12.9
11.15,7,12,0,4.5,2,42.1
3.3,5,19,0,4.3,1,22.9
4.43,7,0,1,4.9,1,21.3
10.79,4,18,0,3.2,2,40.1
14.71,3,6,0,4.6,3,43.4
9.37,2,16,0,3.4,1,34.5
1.29,5,4,1,3.8,2,17.0
9.44,9,3,0,3.6,2,36.7
1.11,8,18,1,2.5,3,27.3
13.32,3,19,1,3.9,1,43.1
10.79,5,23,1,4.4,3,40.1
3.01,7,16,1,2.9,1,22.6
1.83,6,11,1,4.8,1,12.4
3.16,1,4,0,3.8,1,16.8
14.71,6,7,1,2.9,3,49.8
7.15,1,15,1,4.1,1,26.7
11.87,2,8,0,3.0,3,39.5
9.73,6,11,0,2.7,3,38.1
8.8,1,4,1,4.2,3,36.9
2.6,4,10,1,2.8,1,15.7
14.22,6,5,1,2.8,1,44.9
4.87,6,2,0,4.3,1,24.4
8.88,5,3,0,2.6,3,36.4
10.65,1,12,1,4.5,1,35.1
9.91,8,8,0,4.5,2,44.3
14.14,9,2,1,2.9,2,50.8
2.65,8,12,1,3.8,3,27.3
7.87,7,3,0,2.7,2,31.4
6.36,4,0,1,4.1,2,24.9
7.38,8,3,0,2.7,3,32.4
2.23,5,10,0,4.9,3,20.6
2.44,2,22,0,3.0,2,18.4
4.53,8,5,1,4.2,2,27.4
4.92,3,6,1,2.8,2,24.5
6.7,9,5,0,3.0,3,31.1
9.36,4,8,1,3.6,2,34.4
9.7,8,17,1,3.9,2,40.0
6.47,5,7,1,5.0,3,32.1
6.43,5,15,1,2.6,3,28.3
3.66,3,21,1,2.5,2,28.9
9.03,8,22,1,3.4,1,33.3
5.1,1,13,1,3.4,1,23.8
1.02,5,17,0,4.7,2,13.9
6.57,4,22,0,4.8,3,32.2
7.37,5,18,0,4.7,3,32.7
3.77,3,7,1,2.9,3,24.6
8.8,6,3,1,3.5,1,35.3
8.7,4,2,1,4.4,2,30.2
10.68,2,21,0,3.3,3,40.3
9.9,2,13,0,4.2,3,33.3
9.96,7,7,0,3.1,1,33.6
5.09,3,8,1,3.3,3,25.3
11.92,3,6,0,4.7,1,39.1
8.46,6,19,0,3.1,1,33.4
6.76,3,14,1,4.9,3,30.7
9.58,4,21,0,3.3,3,40.3
5.73,3,7,1,2.6,3,24.4
7.93,4,11,1,3.1,2,33.7
11.18,7,2,0,2.9,2,35.2
13.35,5,23,0,3.8,2,44.2
13.86,9,12,0,2.8,2,45.1
7.8,7,13,0,4.1,2,31.1
8.04,1,9,0,4.7,1,22.2
12.1,4,6,0,3.4,3,41.2
5.06,3,22,0,2.9,2,26.4
12.64,6,11,1,3.5,2,41.0
7.67,3,16,0,4.5,3,27.7
2.18,9,0,1,4.0,2,23.2
1.54,3,6,1,2.8,2,19.2
12.71,5,19,0,3.8,1,36.1
1.31,2,2,1,3.7,1,20.5
4.57,9,2,0,3.3,2,27.4
5.34,9,19,1,2.8,2,35.8
3.01,8,7,0,5.0,3,21.5
5.05,4,6,1,2.9,3,21.9
11.27,1,13,1,3.0,3,41.3
0.71,7,4,1,2.9,2,16.6
12.49,4,1,0,3.9,1,39.9
12.92,9,0,1,3.6,3,46.6
5.9,7,1,1,3.1,3,31.7
2.73,5,3,1,3.6,2,18.6
9.21,9,16,1,4.2,3,41.2
2.24,8,7,0,3.2,3,18.1
5.79,5,1,0,4.8,2,31.6
14.4,1,0,1,3.3,1,49.6
14.93,1,11,1,3.0,1,49.3
11.7,4,20,1,4.9,3,48.3
5.01,6,8,1,4.5,2,25.6
10.47,1,1,1,3.4,1,37.7
10.73,2,5,1,4.6,1,34.1
6.12,7,11,0,3.8,3,24.5
9.79,7,4,0,3.4,1,39.0
0.66,1,23,0,4.6,1,13.2
3.53,5,18,1,4.4,2,26.0
8.11,1,8,1,3.2,2,27.0
2.87,7,22,1,4.0,3,21.9
2.91,8,7,0,3.4,3,17.5
12.63,8,3,1,2.5,2,48.2
14.84,6,22,1,4.9,1,40.8
8.56,6,23,1,3.9,3,36.5
12.67,9,7,0,4.0,2,40.5
14.86,6,14,0,4.0,3,43.3
2.55,5,4,0,3.9,2,19.2
7.0,7,15,1,3.2,1,29.3
6.19,6,16,1,4.9,3,32.1
1.66,8,17,1,4.1,1,14.7
11.45,5,13,0,4.2,3,37.1
6.79,8,16,0,3.6,3,24.2
7.31,1,13,1,3.2,1,20.9
2.68,1,19,0,2.7,3,28.2
3.12,1,4,1,3.4,1,24.3
13.65,6,11,0,2.9,2,44.6
1.15,7,9,1,4.2,2,15.7
3.88,2,12,1,4.7,2,19.9
4.73,2,3,1,3.3,2,26.4
7.61,8,7,0,3.3,2,30.4
9.0,7,22,1,4.2,2,36.2
7.65,6,2,1,2.9,3,34.4
1.72,5,15,1,4.8,1,14.5
4.03,4,15,0,3.4,3,21.5
12.73,1,11,1,2.8,1,40.6
9.75,2,0,0,2.9,1,28.9
9.91,9,0,0,4.8,3,39.2
10.22,4,6,1,3.1,1,34.3
11.56,7,2,1,4.2,3,43.0
1.34,7,2,0,2.9,1,20.5
5.82,3,3,0,3.0,1,23.2
8.32,2,4,1,4.7,3,34.8
5.41,7,20,1,2.9,1,25.7
12.74,1,15,0,2.5,3,39.7
7.5,5,0,1,3.8,2,31.3
11.65,8,15,1,4.7,3,48.7
12.85,7,3,1,3.3,3,40.3
7.82,7,10,0,2.8,1,30.4
13.69,1,0,1,5.0,1,44.4
9.01,2,2,1,4.2,2,30.1
12.83,3,3,1,4.6,3,42.0
5.44,3,10,1,4.4,1,24.5
7.73,2,11,0,4.2,1,26.9
8.21,9,8,0,3.5,2,38.3
2.02,2,14,0,3.3,1,15.9
6.28,7,17,0,4.3,1,30.1
13.8,6,17,0,4.3,1,40.9
9.65,6,13,0,4.9,3,33.2
3.07,2,13,1,3.9,3,20.5
5.41,3,11,1,3.2,1,21.0
3.28,6,5,1,3.7,2,24.1
0.86,3,11,1,4.0,2,14.1
13.95,7,0,0,3.6,2,43.0
7.0,1,23,0,4.5,3,28.4
4.96,1,8,0,4.0,2,17.9
9.18,7,18,0,2.5,3,43.2
0.61,6,22,0,3.9,1,11.9
4.53,1,11,1,4.1,1,24.1
10.69,9,20,1,4.8,2,42.7
9.69,1,11,1,3.5,3,37.3
14.74,9,3,0,3.9,2,48.2
9.5,7,0,1,3.7,2,39.2
7.42,9,3,1,3.8,1,32.3
11.54,9,22,0,2.7,2,36.6
13.6,3,11,0,4.7,3,45.5
10.95,7,7,1,4.8,2,39.0
14.47,2,10,0,3.9,1,43.8
11.84,5,6,1,3.9,3,44.3
13.07,3,20,0,2.6,3,44.7
2.15,5,23,0,4.0,2,14.8
11.12,8,2,1,3.6,2,43.2
6.88,4,17,0,4.3,2,26.2
8.52,1,8,0,2.6,3,34.6
9.98,3,1,0,4.3,2,32.8
14.56,8,22,0,3.2,1,48.8
14.78,5,1,1,4.1,1,46.8
4.68,6,4,0,4.1,3,26.0
11.14,4,0,0,3.1,3,37.8
11.37,3,11,1,3.6,3,40.9
5.52,6,14,1,4.6,1,29.0
2.3,6,7,0,4.0,1,16.8
1.09,9,1,1,2.7,2,22.0
11.77,6,2,0,3.6,1,38.3
7.6,9,22,1,3.3,2,34.7
14.79,8,19,1,4.1,2,58.0
7.24,1,22,1,4.0,1,30.2
14.68,4,12,0,2.5,1,44.4
6.47,4,13,0,4.0,2,27.1
12.01,1,18,1,4.3,3,41.8
1.73,2,14,1,4.4,2,15.8
8.55,7,10,0,2.6,1,33.4
12.13,4,7,0,3.3,1,40.5
13.91,2,11,0,3.6,2,44.2
12.43,3,1,1,2.9,1,36.8
1.04,3,4,0,3.6,3,18.6
5.9,2,17,1,2.7,3,28.1
1.21,1,20,1,2.8,1,15.4
2.08,7,2,1,4.2,3,25.7
10.29,8,2,0,3.2,1,40.8
10.84,5,2,1,4.3,2,39.0
11.72,6,18,1,2.6,3,49.7
13.05,9,7,0,3.9,1,44.8
11.22,8,7,1,3.5,1,44.2
12.11,1,0,1,4.5,1,39.1
1.21,9,23,1,4.5,3,16.8
3.9,1,10,1,3.4,1,25.8
9.52,1,19,0,4.1,2,38.5
12.94,4,16,1,3.1,2,41.7
0.57,7,3,1,4.0,3,15.5
7.96,1,19,0,2.7,3,36.0
10.32,3,13,1,3.6,3,37.1
0.93,3,14,0,3.0,3,16.9
6.32,4,4,1,4.7,2,29.6
13.49,9,20,1,3.6,2,49.3
10.24,3,22,0,4.0,1,29.3
3.95,2,9,0,3.4,3,22.8
12.87,2,2,0,3.2,2,38.3
5.55,2,20,1,3.0,2,30.2
12.87,2,21,0,4.8,1,37.2
4.83,6,12,1,4.5,1,23.2
9.06,4,13,0,2.8,2,35.2
6.26,5,5,1,4.4,2,29.9
4.48,8,1,1,3.5,2,24.3
13.36,6,22,0,2.5,1,39.0
3.22,2,11,1,3.8,1,18.6
1.73,4,6,1,2.8,3,21.9
5.46,3,16,0,3.0,2,25.6
10.91,8,0,0,4.2,2,36.9
12.21,3,1,1,3.1,1,40.4
14.98,2,5,0,4.7,2,47.9
4.8,7,10,0,4.1,2,25.1
6.42,4,8,1,4.6,2,22.7
2.48,1,4,1,4.0,3,19.8
8.84,7,8,0,4.7,3,40.5
14.96,2,8,0,3.4,1,39.0
10.66,8,12,0,3.9,2,38.2
9.13,8,13,1,3.8,3,37.5
6.19,4,21,0,4.8,2,29.5
13.77,6,19,1,2.9,1,49.5
7.71,6,7,1,3.9,1,34.2
2.45,6,21,1,4.4,3,26.0
5.8,1,12,1,3.4,3,30.8
1.47,3,4,1,4.7,1,14.2
3.43,2,8,0,3.4,2,18.0
0.76,7,17,0,2.9,2,14.5
7.07,1,19,0,4.0,1,23.0
9.7,5,8,1,3.6,2,37.1
5.48,7,3,1,2.5,3,36.7
6.6,9,4,0,2.7,1,30.6
14.41,3,2,0,3.0,1,44.7
11.4,1,16,1,4.4,2,35.7
8.34,7,12,1,4.7,1,31.4
4.63,1,10,0,3.9,3,25.1
13.51,1,16,1,2.8,2,48.9
3.91,9,19,1,3.8,1,32.7
5.22,8,19,1,4.6,2,33.8
13.68,7,3,0,4.4,3,45.4
8.18,8,14,1,3.2,2,35.7
11.26,1,21,1,2.8,2,39.7
9.07,1,18,1,4.8,1,29.7
9.97,3,7,0,4.6,1,28.2
4.84,1,9,1,2.6,1,22.6
4.0,8,21,1,4.6,1,26.3
5.18,1,0,0,2.7,1,16.9
2.75,5,12,1,2.7,2,21.6
13.18,8,2,0,4.4,1,40.8
4.61,7,21,1,3.8,2,26.6
8.64,3,0,1,3.5,3,33.2
11.98,5,0,1,4.8,3,40.9
11.87,5,7,0,4.6,2,36.6
6.86,7,4,0,2.6,1,31.5
7.41,4,11,1,4.0,2,24.6
14.92,3,7,0,4.4,3,39.7
10.28,8,8,1,3.9,2,39.1
12.31,8,13,1,5.0,3,44.5
13.59,5,13,1,4.2,3,47.0
11.92,1,22,1,2.8,1,36.3
3.19,5,11,0,3.0,1,16.4
8.65,9,13,1,4.6,1,34.0
1.98,9,16,0,5.0,1,15.9
9.97,4,4,1,2.7,1,40.1
14.35,2,16,1,2.8,2,44.4
7.93,6,20,1,4.4,2,36.2
6.78,8,7,0,2.7,2,38.0
1.02,9,4,1,2.7,3,21.2
14.42,1,8,1,4.7,3,46.5
1.99,3,6,1,4.5,3,20.8
1.1,5,14,1,4.7,3,20.1
4.07,1,20,1,4.1,2,25.9
1.45,8,14,1,3.3,3,22.2
7.1,2,3,1,4.8,2,28.1
7.98,6,7,1,3.2,1,30.2
5.03,9,16,1,3.2,1,28.2
1.24,7,7,0,4.7,1,20.8
2.12,7,14,0,4.2,3,23.6
6.08,3,16,0,4.7,1,23.8
1.38,8,7,1,2.9,3,24.4
10.62,4,15,1,4.9,3,35.5
3.5,1,9,0,4.0,2,17.3
4.88,4,3,0,4.2,3,27.1
6.21,4,8,1,4.8,3,33.0
6.54,5,10,0,3.5,3,26.8
0.52,3,0,0,4.3,2,11.1
2.13,5,21,0,4.1,1,26.4
13.01,4,12,1,4.5,1,41.0
0.52,3,0,0,4.7,3,19.1
7.87,7,20,0,4.2,3,37.3
7.6,3,20,1,2.7,2,35.9
5.33,7,0,0,3.0,1,24.1
6.75,3,3,0,4.9,3,30.1
11.82,8,8,1,4.9,1,44.3
12.7,4,12,1,4.9,2,38.1
4.28,1,17,0,2.6,2,19.9
5.18,2,10,0,3.5,1,24.0
4.02,8,14,0,4.4,1,21.2
7.46,8,0,1,4.4,1,29.5
10.41,2,15,1,2.7,3,41.3
3.81,6,21,0,4.0,3,30.6
5.3,6,12,1,2.9,2,26.4
13.99,2,10,1,3.7,2,44.5
1.2,5,7,0,3.1,2,12.5
7.18,7,22,0,2.6,2,28.2
10.82,9,0,1,2.7,2,42.2
2.68,8,6,1,4.8,2,21.8
1.19,1,3,1,4.4,2,11.6
2.5,3,20,0,4.8,2,18.3
13.82,4,11,0,3.7,2,39.7
0.63,2,22,0,3.5,3,15.7
3.23,6,15,0,3.4,1,13.6
0.95,1,13,0,4.0,1,8.0
2.1,2,12,0,3.4,2,10.5
9.49,1,4,1,4.4,1,32.5
4.0,3,13,1,4.5,1,14.9
8.75,7,16,1,4.7,3,36.1
9.06,2,23,1,3.1,2,38.4
12.82,9,13,0,3.8,2,48.6
0.57,3,22,1,3.1,3,11.5
12.87,1,22,0,2.6,1,39.2
9.48,4,12,1,4.3,2,31.6
2.86,7,10,1,3.9,1,17.1
11.71,1,3,0,4.3,2,35.6
12.9,1,6,1,2.7,1,43.8
4.19,8,21,1,5.0,3,32.1
13.82,6,3,0,5.0,1,39.4
7.09,4,9,0,3.7,1,28.7
9.25,7,16,1,4.7,1,27.4
14.78,8,5,0,3.1,1,44.1
5.74,4,23,1,4.3,1,22.4
12.29,6,15,0,4.7,1,38.6
5.12,1,0,1,4.5,3,23.9
12.09,3,5,0,4.5,3,38.9
9.21,6,17,0,3.7,3,34.9
3.64,2,20,1,4.5,3,26.0
6.5,9,22,0,4.2,3,32.5
5.11,9,20,1,2.8,2,33.6
1.63,3,1,0,2.8,2,15.3
0.93,4,17,0,4.4,2,15.1
5.52,2,2,1,4.1,1,25.9
0.78,5,1,0,3.8,2,13.0
2.9,2,16,0,4.8,3,18.1
11.02,4,11,1,4.1,1,40.1
10.77,5,15,1,3.5,3,36.9
11.21,6,20,1,3.5,3,51.2
5.1,6,1,1,4.0,2,22.4
13.41,2,12,1,4.4,2,40.9
9.11,8,20,1,3.9,1,36.2
2.33,7,10,1,3.8,1,26.1
2.58,7,12,0,4.3,1,16.4
10.55,5,11,1,4.3,3,37.6
3.01,9,21,0,4.6,2,24.2
7.86,4,1,1,2.7,1,31.1
14.88,8,21,0,4.4,2,50.0
0.56,2,19,1,3.8,3,19.3
0.74,3,19,1,2.7,1,8.0
14.9,5,9,1,4.2,1,45.9
8.98,6,12,1,4.3,3,36.3
2.34,7,8,0,3.8,3,23.9
13.51,3,6,0,4.5,2,44.9
13.27,8,21,0,3.3,3,49.3
8.27,3,12,1,3.0,2,34.9
9.52,5,17,1,3.4,2,32.7
4.46,9,2,0,3.5,1,26.2
1.23,5,18,0,4.2,3,19.1
9.12,7,15,0,4.6,3,31.5
4.77,9,23,1,4.3,1,25.2
10.12,9,3,0,2.9,3,44.1
12.63,5,12,1,3.4,3,44.9
0.76,4,12,1,2.9,1,19.5
9.14,2,12,0,4.2,1,27.2
3.85,5,1,0,3.1,2,25.1
13.17,9,11,1,3.8,2,44.2
4.18,5,7,0,4.5,2,22.3
9.36,4,14,1,4.2,2,35.1
8.53,1,5,1,3.2,3,35.1
6.24,4,10,1,3.3,2,29.0
10.33,3,14,1,4.1,1,32.3
11.02,9,1,1,3.9,1,42.5
8.72,5,18,0,2.7,3,43.7
11.5,2,17,0,4.7,3,35.5
14.76,1,1,0,3.8,2,37.5
6.58,8,1,1,3.7,1,31.1
7.96,9,20,1,3.0,1,36.8
0.68,7,6,0,3.4,1,14.1
12.04,2,20,0,3.3,1,42.2
8.04,1,11,1,3.2,2,29.2
6.42,2,8,0,3.9,1,22.9
1.86,7,6,1,3.7,1,18.3
13.4,7,15,1,4.7,1,47.6
6.23,8,2,0,4.9,3,29.2
10.4,1,9,0,3.0,2,30.4
2.67,2,8,0,2.8,1,12.7
14.44,9,3,1,4.5,3,50.3
3.09,9,8,0,5.0,2,17.8
3.39,7,12,0,4.7,1,14.7
12.96,1,16,1,2.6,3,45.2
13.73,1,2,0,3.1,3,44.9
3.58,1,20,1,2.6,2,24.1
7.31,7,21,0,4.6,1,33.0
11.14,8,16,0,4.0,1,38.2
13.24,6,22,0,3.8,2,44.5
6.0,3,10,0,3.9,3,28.2
8.0,7,19,0,3.1,3,30.0
11.25,1,17,1,4.0,3,37.7
11.1,8,13,0,2.6,3,43.2
11.85,9,4,1,4.1,2,41.8
8.76,7,13,1,4.3,2,34.9
2.02,8,21,1,4.2,3,28.4
13.61,6,23,1,3.3,3,47.4
13.05,5,10,0,4.6,2,45.6
12.07,3,5,0,4.3,1,39.8
1.95,9,17,1,2.8,3,23.4
3.46,7,1,1,3.0,1,22.1
11.28,2,3,0,4.1,2,27.2
0.84,9,13,1,3.2,2,18.5
14.7,1,23,1,2.8,3,42.9
5.97,6,7,1,2.9,1,28.4
10.93,2,10,0,2.9,2,36.4
13.37,6,7,0,3.7,2,45.1
6.22,4,10,0,4.0,1,28.6
5.13,4,0,0,2.9,1,22.8
9.33,7,14,0,4.3,2,41.1
8.92,7,14,0,3.2,3,36.5
6.43,4,7,0,3.3,2,23.0
9.23,9,6,0,3.1,3,36.0
14.06,5,18,0,4.5,3,47.7
7.28,2,4,0,4.9,3,29.6
3.35,1,1,0,3.7,3,16.7
5.97,2,0,1,2.6,3,27.7
6.21,7,21,1,3.2,3,35.1
2.4,5,8,1,2.9,1,17.9
2.86,4,2,1,4.6,3,23.7
10.43,5,21,0,2.7,1,41.2
5.42,8,3,1,4.9,3,32.6
14.35,6,8,0,4.0,2,44.0
4.03,1,0,1,3.8,3,26.3
1.93,1,16,0,4.6,2,10.1
11.43,5,16,0,2.6,2,34.9
13.28,4,18,0,4.4,2,41.4
4.53,8,6,0,2.8,2,25.6
3.43,6,7,1,4.6,2,25.9
3.19,7,22,1,3.8,2,21.2
8.07,6,19,0,2.7,2,34.8
7.29,4,0,0,4.6,2,27.1
4.26,6,16,1,2.6,1,25.9
1.16,6,19,1,2.8,2,21.3
7.48,7,13,1,4.5,1,28.8
14.41,2,15,1,3.7,1,39.2
9.96,6,0,1,4.7,2,34.8
7.68,3,0,1,4.1,1,32.3
2.11,8,0,1,4.1,2,21.2
4.16,8,3,0,3.2,3,23.7
4.77,6,23,1,2.8,3,31.9
11.59,9,15,0,4.9,1,36.7
13.21,5,18,0,2.8,2,51.1
13.57,1,7,1,3.8,2,46.4
14.78,6,22,0,3.2,3,48.2
14.74,7,4,1,3.2,2,44.4
14.32,1,21,1,4.0,3,56.1
1.54,1,0,0,4.5,3,16.1
2.5,3,0,0,4.4,1,14.3
4.91,8,1,1,4.7,2,29.5
8.52,5,19,1,3.2,2,40.1
1.91,9,6,1,3.7,2,25.4
12.76,8,10,0,2.5,2,41.9
9.44,5,11,1,4.4,1,34.5
8.36,7,18,0,3.3,2,33.4
2.9,3,8,0,3.9,3,21.6
4.17,1,0,0,2.9,1,18.9
2.82,4,9,0,4.5,2,18.9
12.85,6,6,1,4.5,3,44.1
8.97,2,17,1,4.7,2,31.2
11.16,2,18,0,2.6,3,39.6
4.79,1,2,1,5.0,2,24.3
5.88,7,19,0,3.1,1,34.6
6.37,9,1,1,3.3,3,31.4
11.52,8,14,0,3.1,1,40.8
11.7,4,9,0,3.2,1,38.4
3.5,6,7,1,3.9,1,21.5
14.15,9,11,1,3.1,3,45.8
2.25,6,7,1,3.5,3,18.1
13.49,3,19,1,4.1,1,43.2
1.96,4,23,0,4.6,2,9.6
4.34,7,19,0,4.2,2,31.6
12.77,5,10,1,4.0,1,42.3
3.1,8,12,1,2.9,3,25.5
6.5,8,10,0,4.5,3,23.4
7.02,1,19,0,2.6,2,25.5
4.06,7,13,1,3.2,2,25.4
10.8,4,11,0,2.6,3,44.5
12.84,5,9,0,4.2,2,38.8
13.18,3,9,1,3.4,2,45.5
5.42,4,13,0,4.1,2,22.6
8.2,3,16,0,3.4,2,30.3
4.1,1,10,1,3.6,2,25.2
4.05,8,19,0,3.6,1,25.3
2.84,2,19,1,2.6,2,22.1
14.13,4,10,1,3.6,2,49.7
13.38,2,21,0,4.1,1,43.0
11.77,2,4,1,3.9,2,42.1
8.01,4,22,1,2.7,2,30.6
7.61,9,7,0,4.2,2,36.0
8.18,9,13,1,3.3,3,37.9
8.28,4,6,0,2.5,2,32.9
6.8,5,10,0,2.9,2,29.0
2.41,9,8,1,3.7,1,19.5
2.32,3,16,1,3.3,3,20.6
14.31,9,1,1,4.2,1,45.5
7.49,1,20,1,3.1,2,36.3
14.32,3,21,1,4.4,1,46.5
2.87,4,13,0,3.2,3,16.2
8.54,1,13,0,4.1,2,24.1
3.51,8,16,1,4.5,1,17.0
4.17,8,4,1,3.5,1,26.3
0.94,4,17,0,2.6,3,13.4
2.22,8,5,0,3.8,2,20.6
13.79,7,16,1,5.0,1,44.3
5.16,8,7,0,4.9,3,26.5
9.32,8,17,0,3.1,1,35.6
7.24,6,18,1,4.4,2,35.3
6.31,1,5,0,3.4,1,15.1
8.21,9,14,1,2.9,1,33.5
3.21,6,11,1,4.2,1,21.9
14.83,9,7,1,3.8,1,53.2
12.37,9,14,1,3.8,3,50.9
11.25,2,23,1,4.6,2,33.0
7.3,4,0,1,3.3,3,31.1
2.72,2,22,0,4.2,1,10.6
13.85,1,20,1,3.4,3,53.2
5.45,9,12,1,2.6,1,31.6
1.23,9,14,0,3.4,1,17.9
5.46,9,8,0,4.9,1,25.5
12.02,8,3,0,3.7,3,46.9
9.53,6,13,0,2.8,3,40.5
11.39,5,19,0,4.2,3,46.7
12.01,9,5,1,4.9,3,45.6
3.57,5,17,0,4.8,1,17.5
13.89,6,17,0,3.9,3,47.9
6.85,2,18,0,3.4,2,33.0
9.77,7,8,0,4.0,2,34.9
0.53,8,9,1,4.5,2,16.1
14.9,7,9,0,4.7,2,49.6
4.57,5,20,1,4.5,1,31.8
1.4,2,21,0,3.6,1,14.7
7.14,1,9,0,2.8,2,26.3
2.37,6,23,1,3.9,2,21.5
2.71,7,13,0,2.9,3,23.8
9.67,7,9,1,2.7,2,36.5
6.2,9,0,1,3.7,1,35.0
13.87,5,14,1,4.1,2,46.3
5.13,8,15,0,4.6,2,27.0
11.03,7,23,0,4.5,3,44.6
7.19,3,17,0,4.6,2,25.6
10.07,8,0,0,4.4,2,36.2
9.2,1,13,0,4.3,3,28.1
7.36,6,17,1,2.5,2,32.1
14.28,9,11,0,4.1,3,43.6
5.47,6,10,1,2.8,3,31.9
3.07,9,19,0,2.6,3,29.8
10.33,1,14,0,2.9,3,34.7
12.77,5,16,1,4.6,2,41.9
1.08,8,11,0,4.4,1,17.4
7.02,6,6,0,4.9,2,24.7
13.44,8,12,1,4.9,1,44.4
11.37,5,23,1,4.7,2,41.2
14.88,7,14,1,2.8,3,45.7
8.21,4,16,1,4.7,2,33.5
10.07,8,2,1,4.6,1,31.6
4.89,2,23,1,4.7,1,21.1
14.24,3,5,1,2.9,3,43.6
5.81,1,23,0,2.8,3,29.9
11.21,7,10,1,4.8,2,36.3
6.35,3,22,0,2.9,3,23.0
8.65,3,21,0,3.4,3,37.0
10.94,8,18,0,3.6,2,41.7
7.88,4,21,1,2.8,1,30.3
13.65,2,14,0,2.6,3,45.2
6.58,1,20,1,5.0,2,23.9
9.88,3,4,0,4.7,3,31.2
5.46,9,1,1,4.8,3,28.2
6.42,5,13,1,3.2,2,31.8
6.88,9,19,1,3.1,2,40.7
2.32,2,18,0,3.6,1,22.2
1.83,4,12,1,3.6,3,19.4
10.18,2,12,0,2.5,1,25.8
10.01,4,14,1,4.4,2,36.9
10.11,6,20,0,5.0,2,43.3
0.79,8,20,1,3.8,1,24.5
5.23,4,2,1,3.5,2,27.3
3.37,7,14,1,3.5,3,21.5
11.78,6,9,1,2.7,1,39.1
12.98,3,19,0,3.2,1,49.1
4.08,9,12,1,3.8,1,20.4
10.18,4,23,0,3.6,1,30.0
2.38,2,10,1,3.9,1,19.4
4.49,9,16,0,4.6,2,23.3
2.51,9,2,1,3.1,3,21.2
4.61,1,22,1,2.6,3,29.5
10.28,9,3,1,2.6,3,43.6
13.7,9,9,1,2.8,3,48.5
3.44,8,20,0,3.9,2,22.8
8.36,3,23,1,4.5,3,39.0
10.67,6,11,1,4.7,1,36.5
14.32,5,11,1,4.1,3,51.7
9.35,6,1,1,3.5,1,37.3
4.2,6,23,1,2.9,3,25.3
9.57,6,0,0,3.5,1,31.8
5.15,5,0,1,3.3,1,29.3
14.65,7,11,1,4.7,2,51.9
6.3,5,0,1,3.7,3,24.6
10.44,1,3,0,3.1,1,34.2
0.84,1,15,1,3.2,1,12.8
6.3,9,16,1,2.8,2,28.7
13.19,9,7,0,4.8,3,45.9
9.35,6,19,0,2.6,3,36.5
6.94,2,14,0,2.5,2,26.1
14.07,8,5,1,3.0,2,45.8
12.88,2,17,0,4.5,2,37.4
5.17,4,14,1,3.8,3,26.8
8.4,3,19,1,4.1,1,31.2
7.6,1,3,0,3.4,1,30.8
9.67,8,5,0,2.7,1,36.9
5.34,5,7,0,4.6,1,28.0
4.04,3,8,1,3.0,2,22.6
13.73,5,21,0,2.6,3,48.0
13.9,1,17,0,3.9,2,46.3
12.73,4,13,0,2.7,2,39.5
14.68,5,12,0,2.7,1,44.1
11.3,4,21,1,4.5,2,44.6
11.59,8,10,1,3.7,1,36.9
11.56,3,5,0,3.1,3,41.4
7.47,2,3,0,3.4,2,29.7
7.12,5,7,0,4.3,2,32.0
3.98,8,15,1,2.7,3,30.4
9.85,4,11,0,2.8,1,37.2
4.7,1,10,1,4.0,2,22.2
4.24,9,11,1,4.0,2,23.7
9.0,4,23,0,4.9,1,36.1
6.44,2,23,0,3.4,1,19.6
3.67,6,3,0,2.7,1,16.7
12.33,3,2,1,3.8,1,40.9
12.98,9,5,0,4.1,3,50.0
2.93,3,20,0,2.8,1,22.1
0.61,5,11,0,3.9,1,15.7
5.37,5,20,0,3.0,3,24.9
12.06,3,15,0,4.6,2,36.2
12.67,5,13,1,4.6,3,37.9
2.51,1,6,0,3.6,3,20.1
11.73,6,8,0,4.9,1,32.3
2.18,7,3,0,4.9,2,14.2
6.16,9,12,1,2.8,1,31.5
14.98,3,6,0,3.4,2,48.2
3.29,3,7,0,4.0,3,19.9
2.73,5,0,0,2.7,3,23.1
6.63,7,19,1,3.5,3,37.9
9.49,9,22,1,3.2,1,36.4
14.03,1,11,1,4.9,1,37.6
14.72,3,12,1,3.5,2,47.9
1.51,3,22,1,4.4,1,16.7
2.5,3,12,0,3.5,2,20.2
11.97,5,14,0,2.8,3,42.5
4.42,8,10,0,4.7,1,18.8
13.33,1,12,1,2.5,3,46.3
10.12,8,12,1,2.6,3,41.3
2.12,6,17,1,3.4,3,20.4
12.57,6,14,1,4.2,1,40.3
3.06,7,12,0,3.4,1,17.6
6.64,2,1,0,2.7,1,27.8
8.51,7,21,0,3.3,1,31.5
7.76,3,21,1,3.1,1,30.7
10.45,5,4,1,2.5,2,37.8
9.96,7,7,0,3.8,1,39.4
14.88,6,23,0,2.8,1,48.8
14.99,3,7,1,3.2,3,43.6
7.99,4,19,1,4.1,3,41.0
1.88,5,18,1,4.3,3,28.0
11.05,1,20,1,3.2,1,36.1
14.66,7,0,0,3.3,2,39.3
5.12,1,11,0,3.1,2,22.2
7.19,5,13,1,4.9,1,31.6
6.66,6,20,1,3.0,3,40.9
1.25,1,5,1,3.0,2,13.1
10.25,9,7,1,3.6,3,46.6
5.62,4,4,1,3.0,1,19.0
11.92,1,18,0,2.9,2,40.4
12.57,6,23,0,2.7,1,39.3
12.41,6,3,1,4.1,3,47.4
6.54,6,5,1,4.0,2,33.5
5.16,7,7,0,4.1,1,26.6
11.36,5,21,1,4.4,1,37.7
12.12,8,10,0,3.3,2,44.4
7.62,4,6,0,4.8,1,28.4
13.45,5,7,1,4.3,1,37.4
2.59,2,14,1,4.5,3,13.4
13.25,6,9,0,4.3,3,46.9
1.89,3,3,0,3.4,2,15.7
2.73,7,19,1,3.2,3,24.1
8.24,8,10,1,3.6,2,34.2
1.48,8,6,0,2.7,1,18.5
1.27,9,17,1,3.6,3,21.4
0.51,2,17,0,2.6,1,7.1
6.83,2,3,1,2.5,3,36.2
11.73,9,1,0,4.8,2,43.4
1.01,4,1,1,4.2,1,13.5
9.96,1,18,1,3.9,1,35.8
12.44,3,15,1,3.4,3,43.8
2.94,8,19,1,3.9,3,25.1
2.63,4,15,1,4.7,2,20.2
12.98,1,9,1,4.1,1,35.2
12.44,7,14,1,4.0,3,44.4
8.31,2,17,1,3.7,3,29.3
12.38,4,9,1,3.4,2,38.4
1.84,1,21,1,4.2,2,25.0
6.22,6,21,1,5.0,3,33.8
11.2,5,19,1,3.6,2,44.2
4.23,8,23,0,3.5,1,16.8
11.41,4,9,1,3.6,1,36.1
7.81,2,2,0,3.6,2,29.9
11.38,2,11,1,5.0,3,39.1
7.24,2,17,0,4.3,3,21.7
5.83,5,18,1,3.4,2,32.5
3.68,1,9,0,3.4,1,18.6
3.52,4,7,1,3.6,2,25.9
11.4,8,10,1,2.6,1,39.1
2.22,7,19,0,3.8,2,16.3
1.75,6,1,1,4.5,2,15.7
3.06,9,7,0,4.2,3,20.0
3.04,8,5,1,3.0,3,27.6
12.44,6,19,1,4.3,3,39.7
6.28,8,11,0,4.3,1,25.3
14.86,2,2,0,3.2,3,50.1
2.49,8,6,0,4.1,1,18.5
9.98,3,1,0,4.0,2,36.2
7.01,7,11,0,4.6,3,25.5
6.2,9,23,1,2.8,3,28.3
13.19,5,13,1,3.0,2,48.7
14.65,1,20,0,3.7,1,45.7
13.16,4,17,0,2.6,2,42.6
3.29,4,21,0,3.5,3,22.0
3.7,9,7,1,4.5,2,25.0
10.01,9,22,0,2.9,2,34.7
4.69,6,5,0,3.6,2,27.6
11.15,9,10,0,5.0,2,47.1
8.71,4,16,0,3.8,1,31.5
8.49,4,6,1,3.7,3,32.5
12.51,8,6,0,3.9,1,33.1
10.8,7,3,1,3.0,3,36.8
0.89,5,0,1,2.9,1,20.6
1.22,5,12,1,4.2,2,14.0
9.22,7,23,0,3.5,2,33.6
7.55,7,5,1,3.2,2,35.0
4.27,5,10,0,2.6,2,27.8
6.57,1,22,1,4.6,3,27.1
11.49,1,18,1,2.6,1,39.9
12.49,2,0,0,4.4,3,39.9
8.64,5,12,1,3.5,3,33.6
6.09,6,3,1,4.0,3,28.4
4.43,8,5,1,3.1,1,26.6
8.07,3,5,0,2.9,1,29.3
5.06,8,14,1,3.8,2,34.1
8.68,6,4,0,4.2,1,32.2
10.31,1,6,0,3.0,3,38.8
1.46,4,5,1,3.6,3,15.8
0.52,3,8,0,3.6,2,14.6
3.58,8,15,1,3.0,3,24.4
13.47,9,9,0,3.9,1,44.6
9.87,8,7,0,2.9,3,40.8
2.99,5,12,0,3.8,1,18.2
13.41,5,14,1,2.8,3,53.8
7.31,3,0,1,3.7,2,34.0
7.4,7,21,0,3.3,2,38.4
14.07,1,21,1,3.6,1,48.3
1.36,3,14,0,3.6,2,20.2
3.62,2,13,1,4.8,3,17.3
8.99,5,16,0,3.7,3,38.4
3.33,3,10,1,4.5,2,17.4
10.35,2,8,0,3.1,1,31.3
3.6,4,8,0,3.4,2,22.3
1.94,8,3,1,2.7,3,26.9
3.5,6,20,1,3.6,1,22.3
6.63,8,7,0,4.2,3,29.0
3.05,9,6,1,4.6,3,25.0
2.45,9,23,1,3.9,3,23.4
12.97,4,12,0,4.1,2,43.2
5.15,8,14,0,2.9,1,35.6
5.73,9,5,1,2.6,1,30.5
1.3,9,6,1,4.5,3,18.8
5.68,4,17,1,2.9,2,23.5
4.34,3,10,1,2.7,1,21.5
9.35,6,3,1,4.8,3,33.8
3.48,9,20,1,4.9,1,27.8
13.38,9,9,1,4.0,3,49.3
13.98,6,16,0,3.4,2,43.2
1.95,2,8,1,4.6,2,22.6
2.06,4,13,1,3.0,1,15.6
2.17,7,18,0,3.6,1,21.2
9.48,6,21,1,3.4,3,44.0
2.27,4,4,1,4.8,2,21.0
12.86,4,16,0,4.8,3,45.2
11.44,1,21,0,4.1,3,42.3
12.39,3,15,0,2.8,1,41.5
8.13,7,3,0,3.7,2,30.1
14.95,3,4,0,3.1,3,49.5
1.14,9,4,0,4.7,2,19.9
6.32,1,2,0,2.8,2,29.8
5.2,6,18,0,2.6,2,24.9
14.26,5,23,0,4.3,3,42.7
8.86,8,12,1,3.6,3,40.2
12.19,8,14,0,4.6,3,34.5
2.97,5,18,1,2.7,2,27.6
14.69,6,9,0,4.5,2,48.5
7.73,7,11,1,2.6,2,32.2
7.66,5,14,1,2.6,1,29.8
14.58,2,7,1,3.7,3,43.4
6.02,4,1,0,3.1,1,23.1
6.26,3,13,1,4.0,3,27.2
8.98,5,19,0,2.6,2,35.6
2.36,6,1,0,2.6,3,19.0
5.16,2,5,1,4.3,3,24.6
3.3,3,6,0,3.0,2,18.8
2.0,8,19,0,4.1,2,28.5
13.06,4,12,1,4.4,2,41.2
9.05,2,12,0,2.6,2,33.1
5.7,7,15,1,4.4,1,24.8
6.43,7,6,0,3.2,1,25.5
6.76,8,17,0,3.5,3,26.3
9.68,7,0,0,2.7,3,33.1
13.94,9,2,0,4.6,1,40.3
14.03,6,19,0,3.9,1,47.4
6.18,3,15,0,3.8,2,28.6
5.27,8,4,0,4.9,3,21.6
7.04,3,10,0,3.3,3,27.5
8.74,3,1,0,4.7,3,27.7
7.2,8,16,1,4.3,1,29.7
10.05,8,18,1,4.8,1,43.6
8.54,4,6,1,4.8,2,30.8
5.15,7,8,1,5.0,1,24.7
5.51,9,5,0,2.8,2,32.7
5.99,8,9,0,4.5,2,28.8
1.87,1,6,1,4.5,3,15.1
2.91,6,5,0,4.1,1,18.7
10.99,2,10,1,3.2,3,36.6
6.14,8,20,0,4.9,3,34.2
3.61,1,18,0,3.0,3,26.2
8.66,9,7,1,3.7,3,33.7
11.46,2,22,1,3.8,3,40.2
4.23,4,5,1,2.9,1,22.3
12.49,3,21,0,4.3,2,44.5
13.95,8,7,0,2.7,2,48.8
9.16,4,12,1,4.2,3,36.9
10.2,7,4,0,4.6,1,33.5
1.26,1,18,1,3.4,2,22.3
14.21,5,7,0,4.3,1,39.7
6.19,9,20,1,2.9,1,30.0
13.9,9,1,1,4.6,3,39.0
8.9,2,12,0,4.9,1,28.1
0.57,4,3,1,2.9,3,15.2
1.06,4,21,0,4.2,3,21.1
10.37,6,10,0,3.8,3,32.0
8.66,5,16,1,3.8,1,30.4
0.88,1,21,1,4.3,1,17.8
11.28,7,12,0,3.7,2,36.0
12.86,3,1,0,4.0,2,41.1
7.7,3,5,0,3.1,3,29.1
7.25,8,5,1,3.4,2,32.7
0.58,7,21,1,4.7,1,20.8
11.91,4,21,1,2.8,3,49.5
5.3,9,11,0,4.0,3,28.6
13.24,4,21,0,3.0,2,43.7
5.91,6,5,0,4.6,3,26.0
8.69,3,16,0,3.9,3,34.2
4.42,2,9,0,3.5,2,18.1
2.83,5,5,1,3.1,1,19.5
11.74,6,6,0,3.6,2,38.4
7.7,8,10,0,4.9,2,30.5
8.28,4,8,1,3.8,3,30.8
14.5,9,5,1,3.7,3,45.1
14.47,6,8,1,4.4,2,48.3
12.91,1,3,0,3.4,2,42.2
3.22,7,23,0,3.6,2,16.0
9.12,6,9,1,3.3,2,36.9
13.23,4,2,1,2.9,2,47.2
5.93,5,13,0,4.3,2,27.4
1.97,3,21,1,4.7,2,19.9
12.26,6,8,0,4.8,3,38.4
7.49,6,20,0,4.7,1,32.1
8.68,5,14,0,3.6,1,31.5
14.74,3,17,1,3.2,3,48.3
9.3,4,7,0,4.1,3,33.5
6.66,5,0,1,4.9,2,25.3
5.86,5,8,0,4.3,2,26.7
6.56,3,22,0,3.7,2,27.7
2.22,6,18,1,4.2,2,24.5
12.02,3,18,1,4.4,1,42.4
12.65,5,21,0,4.8,2,49.0
4.62,2,8,0,4.4,1,17.5
4.91,5,7,0,3.6,1,26.3
13.18,8,22,0,3.2,2,42.0
0.85,8,13,0,3.7,3,21.5
8.05,7,7,1,3.3,1,36.3
7.22,7,6,0,4.9,3,29.8
10.51,1,21,1,3.8,2,44.5
2.87,4,1,1,3.7,3,23.5
10.19,6,1,1,3.4,2,35.5
5.96,8,17,1,4.1,3,29.8
9.47,6,0,1,3.8,2,39.6
1.08,8,4,0,2.8,3,22.2
7.2,3,23,0,4.7,2,23.7
8.07,2,10,1,3.4,2,30.6
3.61,1,17,0,3.6,2,19.3
2.52,6,11,1,3.0,3,21.5
3.23,6,2,1,3.9,3,31.0
5.49,3,4,1,4.3,1,24.4
1.9,8,18,0,4.7,3,23.5
14.24,7,2,0,2.6,3,51.5
6.37,4,14,0,4.9,3,25.9
12.23,3,8,0,4.3,2,41.3
14.63,7,8,0,3.2,2,41.8
1.67,7,22,0,3.0,3,18.6
9.95,2,14,0,3.2,2,36.7
13.14,3,14,1,4.7,2,46.4
9.7,5,8,1,3.2,2,34.3
6.72,5,9,1,3.7,2,27.0
6.75,2,16,0,4.3,1,25.8
1.02,9,0,0,4.7,1,13.5
8.25,4,5,1,4.1,1,29.8
14.91,4,14,0,4.4,2,47.3
14.4,1,14,0,2.9,2,41.3
1.09,8,2,1,4.7,2,12.3
10.73,3,18,1,3.2,3,39.3
4.88,9,13,1,2.8,1,27.2
13.59,5,5,0,4.9,2,36.4
1.15,8,18,0,3.0,1,19.5
14.07,2,23,0,2.8,1,37.2
12.64,2,10,1,4.1,2,45.5
2.2,8,6,0,3.3,1,25.0
1.37,8,7,0,2.8,1,13.9
12.6,5,14,0,4.0,3,42.8
2.76,1,1,0,4.4,3,14.8
8.26,9,11,0,4.5,1,30.5
13.78,4,0,1,2.9,1,49.1
8.73,9,0,1,3.9,1,33.4
6.26,8,10,1,4.5,2,28.9
6.95,8,17,0,2.9,3,29.4
1.42,7,21,1,3.0,1,25.7
14.55,7,2,1,2.5,1,37.7
5.0,5,5,0,3.8,2,22.6
3.25,1,10,1,3.0,3,21.5
4.65,4,13,0,4.3,2,20.2
14.48,7,23,1,4.9,3,51.0
1.87,8,16,0,3.0,2,23.1
13.08,6,12,0,4.1,1,36.4
10.76,7,1,0,3.0,2,44.8
12.54,1,1,1,2.5,3,38.2
14.65,5,3,0,4.4,2,48.6
12.71,5,15,1,3.6,1,41.8
14.18,9,7,0,4.9,1,42.7
2.34,3,5,1,3.8,2,17.5
12.04,3,16,0,2.9,2,38.9
8.41,4,19,0,3.6,2,35.7
8.38,2,10,0,3.0,2,27.5
13.53,6,21,0,4.7,2,45.9
14.59,6,17,0,4.2,2,43.0
10.72,8,17,0,3.4,1,33.5
7.5,9,20,1,3.8,2,35.2
7.12,1,4,0,4.2,2,22.4
6.1,3,18,0,4.5,3,28.9
5.74,3,22,0,2.7,3,28.1
6.18,3,23,1,2.6,2,28.5
1.8,8,13,0,2.8,1,23.9
1.62,2,18,1,3.5,1,12.6
11.81,1,21,0,3.7,1,40.5
6.97,8,20,1,2.8,1,35.2
13.99,9,21,0,3.5,3,54.3
9.38,3,19,0,3.6,1,37.2
1.01,3,9,1,2.8,1,14.6
2.78,5,17,0,4.8,2,18.8
3.48,5,9,0,4.0,1,16.7
14.65,9,19,1,3.5,3,57.0
3.67,4,19,0,3.8,3,20.3
7.98,1,22,1,3.3,3,34.1
14.07,4,14,0,4.6,2,42.6
14.67,6,11,0,3.9,2,44.3
3.93,5,3,0,3.7,2,21.0
1.21,5,15,0,4.8,1,12.8
2.73,9,13,0,4.6,2,24.6
1.42,8,12,1,4.5,3,30.3
3.33,3,16,1,3.1,1,23.6
8.74,4,20,0,2.9,1,33.1
13.73,7,3,1,4.2,2,47.7
8.29,4,10,1,3.7,2,34.5
9.58,4,17,1,4.2,3,33.6
3.43,2,19,0,4.4,3,19.9
12.11,3,18,1,3.2,3,46.0
9.46,7,19,0,3.2,2,41.9
13.03,8,20,1,3.7,3,46.0
14.26,8,23,1,3.2,1,44.7
5.54,3,14,0,4.2,2,25.4
1.81,2,5,0,4.4,1,13.3
3.78,2,13,0,3.7,3,25.3
6.85,4,17,1,4.3,2,24.6
14.21,5,2,1,3.8,2,53.1
5.99,9,18,0,4.3,1,26.0
11.68,9,13,0,3.1,3,37.0
8.34,1,22,0,4.3,2,28.3
3.15,7,5,0,4.3,3,18.8
5.15,3,21,1,3.2,2,29.3
9.97,2,10,0,3.9,1,31.3
10.26,5,13,0,4.6,2,34.3
6.8,1,15,1,3.1,2,25.4
3.82,4,13,0,4.3,1,20.2
10.97,5,21,1,4.9,1,39.6
2.95,3,4,1,4.7,3,24.1
14.08,6,17,0,3.5,2,44.2
3.22,5,23,1,4.0,2,18.8
2.06,8,5,1,5.0,2,15.1
7.72,2,6,1,3.9,3,30.8
8.03,1,11,0,2.8,1,23.7
7.87,5,17,0,2.6,2,27.2
6.83,3,23,0,4.5,1,26.3
14.92,7,19,0,3.6,1,44.3
7.55,1,19,0,3.1,1,34.5
7.43,6,10,1,3.4,2,32.5
6.62,9,15,1,4.4,2,31.1
1.47,1,5,0,3.7,2,10.8
9.1,3,11,0,4.7,3,34.8
3.81,8,4,0,4.3,2,22.7
9.75,5,0,0,4.9,2,31.5
1.24,2,20,1,4.7,3,21.1
14.73,2,19,0,3.1,2,43.1
7.3,7,12,0,4.1,3,26.6
13.5,8,0,1,2.6,1,42.4
7.4,4,2,0,5.0,3,30.2
1.37,5,2,0,3.2,3,18.0
12.42,8,17,0,4.2,2,44.9
9.9,2,4,1,4.6,1,29.8
11.84,2,6,0,2.9,2,39.6
6.71,7,20,1,4.6,3,35.2
9.75,2,21,1,2.5,2,36.6
12.92,7,18,0,3.6,1,46.4
9.65,5,7,1,3.7,1,34.4
5.54,9,13,1,3.4,2,27.8
10.11,1,4,0,4.0,3,34.3
10.24,9,20,1,4.8,2,42.5
14.43,3,2,0,3.3,3,44.9
5.88,1,17,0,3.9,3,23.7
6.66,7,12,1,4.7,1,24.5
12.28,5,18,0,4.4,1,42.2
7.83,8,10,0,2.6,3,32.0
11.18,1,3,0,4.9,2,31.2
7.17,1,18,0,2.6,3,32.1
3.62,6,15,1,4.0,3,26.9
11.31,8,11,1,3.9,2,41.9
2.4,4,8,0,4.5,1,14.0
3.38,8,8,1,2.9,3,24.5
9.59,9,11,0,2.9,2,39.1
11.34,8,6,0,4.4,1,30.5
13.47,5,6,1,2.9,2,47.5
4.45,7,6,1,3.7,1,18.7
2.11,5,0,0,4.3,1,11.4
14.36,7,22,0,4.1,2,44.0
2.74,6,5,1,3.0,2,28.5
3.37,5,3,1,3.3,2,27.6
4.72,4,3,0,4.9,3,25.5
8.18,6,23,1,3.6,2,34.6
13.3,7,11,1,2.6,3,42.1
11.53,9,7,1,3.0,3,45.1
10.77,6,9,0,3.4,3,37.4
3.04,1,2,1,5.0,1,14.1
5.69,6,7,1,3.3,3,30.2
7.44,3,5,1,2.6,1,28.0
2.64,1,19,0,3.8,2,23.0
4.46,1,1,0,2.7,2,15.5
4.97,6,10,1,3.2,1,25.5
2.35,9,18,0,5.0,1,19.4
8.48,5,20,1,4.3,3,37.3
10.72,5,12,1,2.6,3,41.7
1.51,1,5,0,3.6,1,9.2
7.48,7,8,1,2.9,2,33.6
11.84,1,5,1,2.8,1,37.1
11.35,8,15,0,4.0,3,39.1
12.32,8,7,1,3.8,3,43.7
7.0,9,15,1,4.4,3,33.1
12.4,3,15,0,4.7,2,36.0
3.99,2,22,1,3.1,1,20.8
5.73,3,8,0,4.8,1,21.2
3.06,8,23,0,3.8,1,18.2
7.28,2,9,1,3.1,3,35.8
6.18,8,16,0,4.6,1,27.5
3.99,2,15,0,2.6,3,21.3
11.4,1,19,0,3.9,3,41.5
5.05,2,11,1,4.3,1,19.1
4.46,7,19,0,3.2,3,28.6
2.4,6,8,1,4.7,3,20.5
6.86,4,11,0,3.1,2,24.3
4.89,6,11,0,4.6,2,24.8
5.85,6,16,0,2.7,1,24.3
3.92,5,14,0,2.9,2,21.2
11.57,5,1,0,3.5,3,38.4
13.99,1,19,1,4.6,2,55.4
7.72,3,18,0,2.9,1,30.0
9.82,5,2,1,4.7,2,29.4
13.07,2,23,1,3.1,3,39.0
14.98,5,15,1,3.6,1,48.7
9.4,2,2,0,3.4,3,37.7
13.4,8,11,1,2.8,1,43.3
13.67,1,20,1,4.9,1,47.9
11.98,1,6,1,3.6,2,41.1
7.18,6,22,1,4.2,2,30.3
1.68,2,10,0,3.9,3,15.5
0.73,4,5,1,3.8,1,14.8
7.42,3,8,0,4.0,1,29.1
7.67,2,12,1,4.7,2,30.3
6.41,7,16,1,4.2,3,29.2
8.74,7,22,1,3.8,3,36.2
8.51,3,4,0,4.1,2,36.2
12.63,7,23,0,4.0,3,44.0
2.08,7,12,1,3.6,3,24.8
3.77,5,3,1,4.1,3,25.9
12.0,6,22,0,3.6,3,42.4
12.79,9,8,0,4.4,2,43.4
14.92,5,14,0,4.9,3,49.1
13.16,4,16,1,4.9,1,42.9
13.4,5,0,0,4.6,2,42.6
5.06,8,5,0,4.0,3,25.1
6.32,7,16,1,4.4,1,29.0
4.39,1,7,0,2.9,2,20.7
9.29,5,0,1,3.7,3,35.9
14.11,7,0,0,3.1,1,52.3
5.5,3,19,1,2.5,3,27.6
8.58,9,3,1,4.9,2,38.0
4.8,8,2,1,4.7,3,25.3
2.96,8,13,0,3.8,2,21.7
3.33,1,2,0,3.1,1,24.7
1.34,6,15,0,4.2,3,14.8
14.26,5,13,1,3.6,1,42.6
6.34,6,15,0,4.5,1,25.4
12.59,8,11,0,5.0,3,40.5
10.38,4,18,0,3.4,3,43.7
3.28,5,15,1,3.1,1,19.4
3.04,7,9,1,3.2,2,25.1
12.27,7,0,1,2.7,1,38.4
4.34,7,6,1,3.5,1,18.8
13.74,4,3,1,2.5,3,46.2
2.53,9,0,0,2.8,1,15.5
10.33,1,6,0,3.2,2,38.3
12.31,5,4,0,2.9,3,37.7
3.91,6,1,0,4.3,3,20.2
4.51,1,7,0,2.8,2,22.5
14.49,5,12,0,4.7,3,43.8
4.34,6,4,0,3.1,2,19.1
6.73,6,6,0,2.8,1,33.8
6.77,2,0,1,2.5,1,24.4
4.17,3,1,1,4.3,3,23.2
11.75,3,3,1,3.1,3,40.8
11.69,6,10,0,3.8,2,41.4
5.99,3,15,0,2.8,3,28.6
12.61,6,18,1,5.0,3,45.2
3.59,7,15,1,2.8,2,23.7
0.56,8,14,0,3.5,1,14.1
8.78,2,22,0,4.6,3,33.6
14.91,9,6,0,3.1,3,46.7
1.06,2,19,1,3.2,1,24.3
3.52,1,22,0,4.5,3,17.0
8.02,1,13,1,3.2,1,29.0
12.24,2,20,0,2.5,3,41.2
1.79,8,3,1,3.6,2,16.8
6.23,2,21,1,2.5,3,30.6
11.33,7,13,1,4.8,3,38.7
5.89,4,5,0,4.1,2,23.8
3.24,1,1,1,4.0,1,14.9
3.33,4,17,1,3.0,3,25.7
6.45,1,10,0,4.2,2,22.1
7.45,5,7,0,4.2,2,26.4
13.0,6,9,0,2.7,1,40.4
9.81,5,23,0,4.7,1,35.3
10.51,3,10,0,3.9,2,35.4
14.75,7,1,1,4.5,2,47.6
6.47,6,6,1,3.2,2,25.8
6.35,3,3,1,2.8,2,24.9
13.89,4,16,1,4.3,3,42.0
4.07,1,19,1,4.5,3,30.2
11.08,9,20,1,3.5,2,47.4
11.44,7,15,0,2.6,3,39.2
1.92,3,18,1,4.5,2,19.5
7.29,7,10,0,3.0,2,28.4
3.41,7,15,0,3.3,2,19.4
3.19,6,2,0,4.1,3,23.2
7.23,1,12,1,2.7,1,26.8
4.7,8,13,0,2.7,2,32.2
12.04,9,0,1,2.6,1,46.9
13.66,9,13,1,4.8,2,50.3
12.14,9,17,0,3.3,3,46.0
4.36,9,8,0,4.2,2,23.4
4.47,7,13,0,5.0,1,23.3
4.19,1,6,1,4.2,3,21.7
2.46,5,6,0,3.8,3,24.8
14.19,3,3,1,3.8,2,46.0
6.33,2,7,0,3.4,1,24.7
3.76,8,19,1,4.0,2,29.0
12.78,8,22,1,4.9,3,50.5
6.29,5,15,1,4.5,2,23.7
1.01,7,14,1,3.6,1,22.4
2.85,2,14,0,3.3,1,15.8
9.77,2,11,1,4.7,3,31.0
11.85,8,10,0,2.8,2,39.4
3.56,5,14,0,4.6,3,16.7
13.8,5,18,0,3.1,2,49.8
12.84,5,9,1,4.3,1,38.0
12.8,2,13,1,4.5,2,41.1
3.8,8,11,1,3.7,3,29.9
1.23,7,6,0,3.0,2,15.5
13.08,7,6,0,4.6,2,41.5
4.93,4,1,1,3.4,2,21.4
9.47,6,10,1,3.3,2,35.4
11.52,9,17,1,3.8,1,48.7
2.36,6,16,0,3.6,1,19.7
11.82,5,23,0,4.2,1,36.4
14.11,3,0,0,2.8,3,43.3
11.06,5,18,1,3.6,2,43.1
6.9,4,19,0,4.7,3,32.7
13.21,6,10,1,2.6,1,42.6
8.15,1,6,0,3.6,1,28.7
11.3,2,8,0,4.2,3,34.3
12.4,8,16,1,4.7,3,41.7
11.37,4,20,0,4.0,2,42.3
4.67,4,15,0,4.6,1,17.0
2.21,5,12,1,3.1,3,23.9
3.96,4,15,0,3.4,1,19.8
7.79,7,1,1,4.9,2,26.7
7.83,3,14,0,4.7,2,28.6
8.95,7,1,0,3.9,3,30.2
6.23,2,23,0,3.7,1,25.5
11.91,4,21,0,3.6,1,40.5
13.74,6,12,0,2.6,1,48.8
4.08,8,8,1,4.7,1,26.5
11.18,3,17,0,4.5,2,32.6
10.33,6,15,0,3.6,3,31.9
8.08,1,16,1,3.2,1,26.9
3.23,1,12,0,3.4,2,14.3
12.03,7,5,0,2.8,1,45.4
14.43,7,1,1,4.3,1,45.8
10.97,4,6,1,3.9,3,42.5
13.81,6,12,0,3.1,1,42.1
14.77,4,10,0,4.1,2,44.1
5.6,3,12,0,4.9,3,24.6
9.75,4,6,1,2.8,3,41.2
7.37,3,22,0,3.6,1,27.6
14.81,8,8,1,3.7,2,46.0
1.86,4,20,0,2.9,3,27.5
6.48,3,9,0,3.8,2,25.1
13.2,5,10,1,4.0,1,40.8
4.62,7,14,0,2.9,1,15.1
11.92,3,6,0,2.9,3,42.1
6.05,9,5,1,4.6,3,31.6
14.71,5,9,1,3.3,1,46.3
13.31,6,19,0,4.1,1,43.9
4.87,9,3,1,4.1,1,24.4
11.67,4,10,1,4.6,1,36.6
5.38,2,16,1,4.3,3,27.3
9.29,7,16,0,4.6,3,37.4
10.05,1,10,1,4.1,1,32.0
12.53,5,1,0,3.6,3,45.0
0.85,9,0,1,3.5,3,20.5
3.69,4,11,1,3.4,2,21.1
10.82,7,19,0,3.5,3,44.3
8.67,5,0,1,2.8,1,29.1
7.69,2,21,0,3.6,3,34.4
1.3,3,16,0,3.5,1,8.7
5.55,5,0,1,2.6,3,26.3
13.04,1,8,1,3.2,2,35.5
0.95,4,5,1,4.4,1,13.7
6.25,4,22,1,3.9,3,34.2
14.2,8,13,1,4.5,3,48.4
1.24,2,7,0,3.9,2,15.7
11.37,8,6,1,4.6,1,46.5
4.24,4,13,0,4.5,1,20.8
13.07,6,0,0,2.7,3,42.4
11.32,6,6,0,4.9,1,34.2
13.34,3,3,0,2.5,3,43.7
3.63,9,14,0,4.0,2,21.3
8.2,3,16,1,4.5,3,30.9
11.8,1,11,1,3.3,3,43.2
4.06,7,3,0,4.0,3,27.5
3.85,6,8,0,3.4,1,15.9
0.89,9,20,1,2.7,3,23.1
14.4,5,4,0,2.5,1,42.8
10.8,1,3,1,2.7,3,40.3
9.72,1,2,1,2.7,1,36.5
11.29,4,19,0,4.0,3,50.6
8.21,3,2,1,3.8,1,28.7
7.4,9,13,1,3.6,2,32.4
7.02,2,23,1,4.2,2,29.8
9.79,8,15,0,2.5,3,36.8
3.42,2,9,1,3.2,1,19.0
13.38,2,4,1,4.4,1,39.2
12.27,3,0,0,4.8,2,30.1
5.57,2,3,1,3.6,1,24.2
8.89,4,22,1,2.7,3,35.6
2.54,3,3,0,4.5,1,19.1
14.6,5,0,0,4.7,3,45.9
13.59,5,19,1,3.5,2,45.1
13.87,1,10,0,3.1,3,42.4
5.32,2,8,1,2.6,1,17.8
2.95,2,17,0,4.0,1,12.4
3.57,2,12,1,4.8,2,21.9
1.81,1,21,1,4.2,1,17.8
2.24,3,11,1,3.3,1,20.2
1.53,5,17,1,4.1,1,10.5
14.85,3,21,0,4.6,3,48.6
1.57,3,11,0,3.7,3,15.4
2.42,5,6,1,4.5,1,20.9
12.5,5,23,1,3.5,1,43.0
8.91,3,5,0,3.4,2,33.6
11.73,2,0,1,4.0,2,43.2
9.65,4,13,1,3.7,3,35.9
13.29,1,23,0,4.9,1,41.4
9.76,5,2,0,3.8,2,31.3
8.07,9,20,1,3.5,1,34.4
10.83,4,19,1,3.5,1,43.0
6.99,1,22,0,3.9,3,22.8
5.52,7,10,1,3.4,2,30.1
7.28,2,6,1,4.3,2,28.9
2.96,2,12,0,3.5,1,19.6
12.05,2,3,0,3.5,2,37.7
4.28,8,20,1,4.0,2,30.0
2.73,9,15,0,2.7,3,25.3
4.07,6,11,0,4.1,2,20.3
12.71,6,12,0,3.8,1,37.9
5.29,6,17,1,3.6,3,30.1
10.45,6,12,0,4.3,1,34.6
12.92,5,20,1,4.4,3,47.0
1.63,9,22,1,4.6,2,19.9
11.59,7,22,0,3.4,3,46.3
4.96,1,14,0,3.3,2,20.5
3.64,4,17,0,4.3,2,18.6
10.49,9,7,0,4.0,2,33.2
13.69,4,0,1,4.1,1,42.4
4.78,2,9,1,3.9,1,23.9
8.75,8,20,1,4.4,3,43.3
4.7,6,3,1,3.0,3,28.2
8.54,6,13,1,3.9,3,38.4
9.52,4,4,1,2.9,1,36.5
9.35,2,10,1,3.5,2,37.1
9.54,4,3,0,4.2,2,36.0
2.46,4,17,1,3.7,3,25.9
10.56,9,19,0,3.4,2,42.4
10.28,3,18,1,4.7,3,37.0
10.4,2,16,0,4.4,3,37.0
1.57,4,5,1,3.8,2,20.0
6.98,9,12,1,4.9,2,36.3
6.43,5,2,0,3.6,2,31.1
1.76,4,8,1,4.5,3,24.8
3.72,7,12,1,2.9,2,26.7
6.89,6,16,1,3.2,1,30.2
11.27,3,2,0,3.3,2,32.8
3.94,9,19,1,2.8,2,31.5
12.53,6,11,1,3.8,3,42.8
8.41,1,21,0,3.0,3,35.8
11.53,4,12,0,4.1,1,36.1
7.35,9,13,1,3.0,2,35.4
7.74,4,16,0,2.8,1,28.4
9.49,6,19,0,4.9,2,40.4
13.96,6,3,1,4.1,3,39.2
7.63,7,12,0,4.8,3,32.2
8.17,8,0,0,3.7,1,34.9
9.23,2,11,0,2.6,1,36.5
11.19,5,19,0,3.9,3,45.2
1.54,5,20,0,3.9,2,25.3
7.98,2,6,1,2.5,2,32.1
7.48,7,9,1,4.7,3,33.2
13.86,2,13,1,4.0,3,46.4
7.66,5,9,0,4.4,3,30.8
7.29,3,4,0,3.7,3,27.0
14.45,2,7,1,4.0,3,44.5
7.03,8,9,0,3.1,3,29.0
3.12,3,12,1,4.9,3,22.6
3.65,3,22,0,3.5,2,20.1
1.88,8,13,1,2.9,1,18.8
0.51,8,9,1,2.6,3,18.4
6.76,1,15,1,4.1,3,30.0
11.65,3,18,0,5.0,1,41.3
11.14,7,10,0,4.7,2,34.5
0.97,8,11,1,4.3,2,14.4
8.76,9,5,0,5.0,2,36.5
2.74,5,20,1,4.3,3,21.8
14.15,1,20,0,3.3,2,47.7
2.93,8,4,1,4.0,3,29.2
9.59,2,8,0,2.7,3,39.5
5.23,2,6,1,3.1,3,28.7
9.8,7,22,1,3.5,2,39.9
6.48,6,1,1,3.0,1,35.5
11.51,1,4,0,4.9,3,29.5
3.84,2,7,0,5.0,1,15.8
13.63,6,13,0,3.4,1,44.9
7.75,3,5,1,4.3,1,27.7
11.46,7,12,0,3.5,1,41.8
12.82,4,17,1,2.8,3,44.5
14.98,6,19,0,3.3,2,51.3
3.75,5,2,0,3.1,1,19.4
4.66,4,3,1,3.3,1,21.7
4.13,4,2,0,3.0,1,18.9
4.31,7,21,0,2.8,3,30.8
8.95,5,15,1,3.0,3,34.3
14.91,6,12,1,4.8,1,48.7
14.86,6,18,1,2.7,1,53.4
8.14,2,14,1,3.3,2,34.6
9.77,9,5,1,3.8,3,36.8
12.97,6,12,1,3.4,1,37.6
14.03,7,16,0,3.8,3,46.5
3.46,8,0,0,2.6,1,30.5
8.16,9,14,0,4.1,1,35.4
12.58,7,11,1,3.9,2,41.9
4.9,8,1,1,4.2,1,26.8
6.88,5,6,0,3.9,1,28.7
14.79,7,10,1,3.6,1,43.1
14.78,3,8,0,3.4,1,47.2
13.64,7,6,1,3.1,3,47.5
12.08,1,15,1,3.8,1,37.2
4.4,9,9,1,2.6,1,26.4
5.15,3,11,1,3.3,1,27.2
8.44,6,19,1,4.2,1,33.8
8.63,1,2,0,2.8,2,25.2
7.83,2,8,0,2.7,3,31.7
9.73,9,1,1,4.1,1,30.7
6.42,8,22,0,3.5,3,29.7
11.36,3,4,0,4.5,2,39.8
5.34,2,19,0,4.8,1,26.3
5.29,8,4,1,4.9,3,32.0
2.34,9,7,1,3.6,1,22.8
3.24,2,14,1,3.2,2,27.8
12.83,6,19,1,4.0,2,45.7
6.97,3,4,1,4.1,2,29.9
3.8,7,5,1,4.1,1,21.3
11.51,4,21,1,3.3,1,45.3
8.53,2,7,0,2.7,3,32.1
0.81,3,5,1,3.0,3,22.6
5.09,5,17,0,2.9,1,21.8
3.07,8,2,1,2.8,2,28.3
10.01,1,20,1,4.8,3,40.9
4.49,9,21,1,2.5,1,30.5
1.44,6,20,1,4.0,2,24.0
1.3,8,7,1,4.9,3,20.8
8.94,9,2,1,3.4,3,39.7
0.81,2,10,0,3.8,2,12.3
12.81,1,8,0,4.2,3,37.8
2.75,7,23,1,3.3,2,21.4
9.3,2,15,1,3.7,1,26.9
6.95,2,22,0,4.5,3,29.9
6.92,5,18,1,4.4,1,28.3
1.54,9,17,1,4.5,1,17.8
12.14,8,2,1,5.0,2,44.3
13.45,5,1,0,3.4,3,46.9
0.66,2,1,1,4.4,3,10.1
3.09,4,14,0,4.0,3,20.2
13.61,7,4,0,4.2,2,45.2
8.47,2,23,1,4.3,2,31.3
2.68,5,3,1,4.4,2,24.2
3.44,1,22,0,4.7,1,13.4
10.07,3,16,0,3.4,2,28.1
11.01,3,2,0,4.1,1,36.7
9.19,7,1,1,3.2,1,33.6
14.32,9,9,1,4.0,3,44.7
7.66,2,8,0,4.4,3,28.6
4.85,8,7,0,4.5,1,27.1
7.42,6,12,1,3.6,1,26.6
5.72,9,3,0,3.8,1,33.4
3.75,9,3,0,3.3,1,20.0
1.17,1,16,0,2.9,3,15.6
5.61,7,23,1,3.2,3,26.6
10.82,6,6,0,4.8,3,38.2
0.77,2,22,0,3.3,2,12.8
6.87,3,8,0,4.9,1,20.0
9.84,9,8,0,3.1,1,44.5
9.35,5,2,0,4.3,3,33.1
11.76,4,10,0,3.9,3,38.2
12.25,3,11,0,4.2,2,41.3
10.82,8,15,0,4.1,2,43.8
1.99,3,3,0,4.3,3,20.6
7.39,2,4,1,4.8,3,26.3
9.25,6,10,0,3.9,1,33.0
4.06,9,1,1,2.7,2,21.3
1.12,2,3,1,3.2,1,17.1
3.74,3,15,1,4.3,2,16.5
7.1,5,22,1,3.7,2,28.0
6.5,2,13,1,3.9,1,25.7
3.06,6,3,0,4.0,1,20.0
12.45,3,23,0,3.5,2,38.6
13.92,2,12,0,4.4,2,45.9
3.42,3,17,1,4.3,3,24.4
13.98,9,4,1,4.3,1,47.9
0.76,9,13,1,4.3,1,13.2
13.91,5,1,1,4.7,3,51.2
14.3,4,15,0,4.0,3,42.8
0.67,8,4,0,4.9,3,22.1
11.56,2,21,0,2.8,3,49.0
14.57,6,1,0,4.1,3,48.4
13.64,7,15,1,4.3,2,48.7
14.58,7,3,0,3.7,3,38.6
8.48,2,16,1,3.2,2,31.5
1.63,7,11,1,3.9,3,24.3
12.82,6,23,0,3.4,2,44.9
9.4,8,15,1,4.8,2,32.8
9.41,2,8,0,3.4,3,32.8
6.55,6,2,1,2.9,2,22.9
8.79,8,14,1,3.9,1,35.6
2.73,3,10,0,3.5,3,13.8
11.23,7,1,1,2.7,2,44.9
1.59,1,13,0,3.9,3,19.0
11.08,7,5,1,3.8,2,38.9
12.81,6,5,0,2.9,3,45.5
7.35,2,0,0,4.0,2,26.5
7.89,1,8,0,3.9,3,30.1
5.03,7,5,0,4.4,3,22.8
14.56,3,1,0,3.4,1,44.5
11.13,5,10,1,3.1,3,36.4
5.85,1,5,1,4.9,3,20.4
3.03,9,3,1,3.9,2,23.4
3.68,5,11,0,2.6,3,22.9
7.23,9,1,0,4.6,3,32.9
14.17,2,23,1,3.0,2,42.8
11.15,2,11,0,4.5,2,40.8
3.62,6,23,0,4.3,3,23.1
12.96,6,21,0,4.9,1,44.4
5.98,8,23,0,4.9,2,27.6
12.85,9,13,0,3.2,3,48.6
4.0,8,10,1,4.4,3,28.1
9.47,2,17,0,3.3,1,32.2
13.94,3,1,1,4.1,1,44.7
4.24,9,20,0,4.0,2,23.1
10.55,5,7,0,2.6,3,33.3
14.82,8,0,1,2.5,2,50.0
2.68,6,5,1,2.6,1,20.1
1.78,1,5,0,2.8,1,15.5
10.28,5,0,0,3.1,2,36.2
5.43,8,16,1,4.8,2,29.4
1.53,6,2,0,3.8,1,11.7
7.39,2,20,1,4.5,2,32.6
11.43,2,10,0,4.6,2,31.6
4.63,8,17,1,4.3,1,26.0
5.36,9,8,0,3.5,1,20.3
12.76,7,3,1,4.7,2,44.4
8.04,1,4,1,4.4,3,26.7
